枠,馬番,斤量,人気,単勝オッズ,後3F,ID,corner1_diff,corner2_diff,corner3_diff,corner4_diff
6.0,6.0,6.0,6.0,6.0,6.0,6.0,6.0,6.0,6.0,6.0
3.1666666666666665,4.833333333333333,57.0,2.0,4.433333333333333,37.71666666666667,201905185475.33334,0.0,0.0,0.75,0.35000000000000003
1.1690451944500122,2.228601953392904,0.0,1.0954451150103321,2.4808600659180007,0.8471520918150794,409197.52023034875,0.0,0.0,1.8371173070873836,0.6123724356957945
1.0,1.0,57.0,1.0,2.5,36.6,201905010308.0,0.0,0.0,0.0,0.0
3.0,4.25,57.0,1.25,2.9,37.15,201905013058.0,0.0,0.0,0.0,0.0
3.5,5.0,57.0,2.0,3.5,37.7,201905020408.0,0.0,0.0,0.0,0.0
4.0,6.5,57.0,2.0,4.85,38.325,201905027986.0,0.0,0.0,0.0,0.44999999999999996
4.0,7.0,57.0,4.0,9.1,38.8,201906020608.0,0.0,0.0,4.5,1.5
